{
  "IcoMoonType": "selection",
  "icons": [
    {
      "icon": {
        "paths": [
          "M512 0c-278.748 0-505.458 222.762-511.848 499.974 5.92-241.864 189.832-435.974 415.848-435.974 229.75 0 416 200.576 416 448 0 53.020 42.98 96 96 96s96-42.98 96-96c0-282.77-229.23-512-512-512zM512 1024c278.748 0 505.458-222.762 511.848-499.974-5.92 241.864-189.832 435.974-415.848 435.974-229.75 0-416-200.576-416-448 0-53.020-42.98-96-96-96s-96 42.98-96 96c0 282.77 229.23 512 512 512z"
        ],
        "tags": [
          "spinner",
          "loading",
          "loading-wheel",
          "busy",
          "wait"
        ],
        "defaultCode": 59778,
        "grid": 16,
        "attrs": []
      },
      "attrs": [],
      "properties": {
        "ligatures": "spinner9, loading10",
        "name": "spinner",
        "order": 4,
        "id": 131,
        "prevSize": 32
      },
      "setIdx": 0,
      "setId": 1,
      "iconIdx": 130
    }
  ],
  "height": 1024,
  "preferences": {
    "showGlyphs": true,
    "showQuickUse": true,
    "showQuickUse2": true,
    "showSVGs": true,
    "fontPref": {
      "prefix": "icon-",
      "metadata": {
        "fontFamily": "icomoon"
      },
      "metrics": {
        "emSize": 1024,
        "baseline": 6.25,
        "whitespace": 50
      },
      "embed": false
    },
    "imagePref": {
      "prefix": "",
      "png": false,
      "useClassSelector": true,
      "color": 16777215,
      "bgColor": 16777215,
      "classSelector": ".icon",
      "name": "icomoon",
      "height": 32,
      "columns": 16,
      "margin": 16
    },
    "historySize": 50,
    "showCodes": true,
    "gridSize": 16
  }
}